what,kind,bundleId,bundleVersion,description,time
stopped,bundle,org.eclipse.wst.jsdt.debug.ui,1.0.3.v201011040143,"org.eclipse.wst.jsdt.debug.ui",1301764642325
stopped,bundle,org.eclipse.wst.jsdt.support.firefox,1.0.300.v201004150600,"org.eclipse.wst.jsdt.support.firefox",1301764642325
stopped,bundle,org.eclipse.wst.jsdt.ui,1.1.4.v201102160540,"org.eclipse.wst.jsdt.ui",1301764642325
stopped,bundle,org.eclipse.wst.sse.ui,1.2.3.v201102102045,"org.eclipse.wst.sse.ui",1301764642325
stopped,bundle,org.eclipse.search,3.6.0.v20100520-0800,"org.eclipse.search",1301764642331
stopped,bundle,org.eclipse.datatools.enablement.sybase.asa.ui,1.0.1.v200906111150,"org.eclipse.datatools.enablement.sybase.asa.ui",1301764642331
stopped,bundle,org.eclipse.datatools.enablement.sybase.ase.ui,1.0.1.v200906020900,"org.eclipse.datatools.enablement.sybase.ase.ui",1301764642331
stopped,bundle,org.eclipse.datatools.sqltools.ddlgen.ui,1.0.1.v201002270530,"org.eclipse.datatools.sqltools.ddlgen.ui",1301764642331
stopped,bundle,org.eclipse.datatools.connectivity.ui.dse,1.1.4.v201004270430,"org.eclipse.datatools.connectivity.ui.dse",1301764642331
stopped,bundle,org.eclipse.mylyn.team.ui,3.4.3.v20110131-0100-e3x,"org.eclipse.mylyn.team.ui",1301764642331
stopped,bundle,org.eclipse.ui.navigator.resources,3.4.202.M20101124-0800,"org.eclipse.ui.navigator.resources",1301764642331
stopped,bundle,org.eclipse.ltk.ui.refactoring,3.5.0.v20100526-0800,"org.eclipse.ltk.ui.refactoring",1301764642331
stopped,bundle,org.eclipse.mylyn.bugzilla.ui,3.4.3.v20110131-0100-e3x,"org.eclipse.mylyn.bugzilla.ui",1301764642331
stopped,bundle,org.eclipse.mylyn.ide.ui,3.4.0.v20100608-0100-e3x,"org.eclipse.mylyn.ide.ui",1301764642331
stopped,bundle,org.eclipse.mylyn.resources.ui,3.4.1.v20100909-0100-e3x,"org.eclipse.mylyn.resources.ui",1301764642331
stopped,bundle,org.eclipse.mylyn.wikitext.tasks.ui,1.3.1.v20100823-0100-e3x,"org.eclipse.mylyn.wikitext.tasks.ui",1301764642331
stopped,bundle,org.eclipse.mylyn.context.ui,3.4.2.v20110131-0100-e3x,"org.eclipse.mylyn.context.ui",1301764642331
stopped,bundle,org.eclipse.mylyn.help.ui,3.4.2.v20110131-0100-e3x,"org.eclipse.mylyn.help.ui",1301764642331
stopped,bundle,org.eclipse.mylyn.tasks.bugs,3.4.1.v20100823-0100-e3x,"org.eclipse.mylyn.tasks.bugs",1301764642331
stopped,bundle,org.eclipse.mylyn.tasks.ui,3.4.3.v20110131-0100-e3x,"org.eclipse.mylyn.tasks.ui",1301764642332
stopped,bundle,org.eclipse.team.cvs.ui,3.3.302.R36x_v20110203-1036,"org.eclipse.team.cvs.ui",1301764642333
stopped,bundle,org.eclipse.team.ui,3.5.102.R36x_v20110203-1036,"org.eclipse.team.ui",1301764642334
stopped,bundle,org.eclipse.compare,3.5.101.R36x_v20100929-0800,"org.eclipse.compare",1301764642334
stopped,bundle,org.eclipse.datatools.enablement.ingres.ui,1.0.0.v201006242214,"org.eclipse.datatools.enablement.ingres.ui",1301764642334
stopped,bundle,org.eclipse.datatools.sqltools.db.derby.ui,1.0.0.v200906020900,"org.eclipse.datatools.sqltools.db.derby.ui",1301764642334
stopped,bundle,org.eclipse.datatools.sqltools.db.generic.ui,1.0.0.v200906020900,"org.eclipse.datatools.sqltools.db.generic.ui",1301764642334
stopped,bundle,org.eclipse.datatools.sqltools.routineeditor.ui,1.0.1.v201004060545,"org.eclipse.datatools.sqltools.routineeditor.ui",1301764642334
stopped,bundle,org.eclipse.datatools.sqltools.sqlbuilder,1.0.3.v201009131745,"org.eclipse.datatools.sqltools.sqlbuilder",1301764642334
stopped,bundle,org.eclipse.datatools.sqltools.debugger.core,1.0.1.v201005250945,"org.eclipse.datatools.sqltools.debugger.core",1301764642334
stopped,bundle,org.eclipse.datatools.sqltools.schemaobjecteditor.ui.pages,1.1.0.200810071,"org.eclipse.datatools.sqltools.schemaobjecteditor.ui.pages",1301764642334
stopped,bundle,org.eclipse.datatools.sqltools.schemaobjecteditor.ui,1.1.1.200810071,"org.eclipse.datatools.sqltools.schemaobjecteditor.ui",1301764642334
stopped,bundle,org.eclipse.datatools.sqltools.sqlscrapbook,1.0.1.v201005250945,"org.eclipse.datatools.sqltools.sqlscrapbook",1301764642334
stopped,bundle,org.eclipse.datatools.sqltools.sqleditor,1.0.2.v201009230800,"org.eclipse.datatools.sqltools.sqleditor",1301764642334
stopped,bundle,org.eclipse.datatools.sqltools.editor.core.ui,1.0.0.v201001150815,"org.eclipse.datatools.sqltools.editor.core.ui",1301764642334
stopped,bundle,org.eclipse.datatools.sqltools.plan,1.0.0.v200906022302,"org.eclipse.datatools.sqltools.plan",1301764642334
stopped,bundle,org.eclipse.datatools.sqltools.data.ui,1.2.0.v201005250945,"org.eclipse.datatools.sqltools.data.ui",1301764642334
stopped,bundle,org.eclipse.datatools.sqltools.tabledataeditor,1.0.1.v201005250945,"org.eclipse.datatools.sqltools.tabledataeditor",1301764642334
stopped,bundle,org.eclipse.datatools.sqltools.result.ui,1.1.1.v201101140400,"org.eclipse.datatools.sqltools.result.ui",1301764642334
stopped,bundle,org.eclipse.datatools.sqltools.common.ui,1.0.0.v200906022302,"org.eclipse.datatools.sqltools.common.ui",1301764642334
stopped,bundle,org.eclipse.ui.externaltools,3.2.0.v20100427,"org.eclipse.ui.externaltools",1301764642334
stopped,bundle,org.eclipse.wst.server.preview.adapter,1.1.0.v20090311b,"org.eclipse.wst.server.preview.adapter",1301764642334
stopped,bundle,org.eclipse.wst.server.http.ui,1.0.200.v20090113,"org.eclipse.wst.server.http.ui",1301764642334
stopped,bundle,org.eclipse.wst.server.ui,1.1.207.v20110119,"org.eclipse.wst.server.ui",1301764642334
stopped,bundle,org.eclipse.debug.ui,3.6.3.v20101201_r362,"org.eclipse.debug.ui",1301764642334
stopped,bundle,org.eclipse.mylyn.wikitext.ui,1.3.0.v20100608-0100-e3x,"org.eclipse.mylyn.wikitext.ui",1301764642334
stopped,bundle,org.eclipse.rse.subsystems.files.dstore,2.1.102.R32x_v201102011435,"org.eclipse.rse.subsystems.files.dstore",1301764642334
stopped,bundle,org.eclipse.rse.subsystems.processes.dstore,2.1.100.v200905272300,"org.eclipse.rse.subsystems.processes.dstore",1301764642334
stopped,bundle,org.eclipse.rse.subsystems.shells.dstore,2.1.201.v201008191400,"org.eclipse.rse.subsystems.shells.dstore",1301764642334
stopped,bundle,org.eclipse.rse.connectorservice.dstore,3.1.100.v201005281600,"org.eclipse.rse.connectorservice.dstore",1301764642335
stopped,bundle,org.eclipse.rse.subsystems.files.local,2.1.101.v200907301400,"org.eclipse.rse.subsystems.files.local",1301764642335
stopped,bundle,org.eclipse.rse.subsystems.processes.local,2.1.100.v200905272300,"org.eclipse.rse.subsystems.processes.local",1301764642335
stopped,bundle,org.eclipse.rse.subsystems.shells.local,2.1.100.v200905272300,"org.eclipse.rse.subsystems.shells.local",1301764642335
stopped,bundle,org.eclipse.rse.connectorservice.local,2.1.100.v200905272300,"org.eclipse.rse.connectorservice.local",1301764642335
stopped,bundle,org.eclipse.rse.subsystems.files.ssh,2.1.100.v200905272300,"org.eclipse.rse.subsystems.files.ssh",1301764642335
stopped,bundle,org.eclipse.rse.subsystems.shells.ssh,2.1.100.v200905272300,"org.eclipse.rse.subsystems.shells.ssh",1301764642335
stopped,bundle,org.eclipse.rse.subsystems.terminals.ssh,1.0.1.v200908051630,"org.eclipse.rse.subsystems.terminals.ssh",1301764642335
stopped,bundle,org.eclipse.rse.connectorservice.ssh,2.1.100.v200905272300,"org.eclipse.rse.connectorservice.ssh",1301764642335
stopped,bundle,org.eclipse.rse.connectorservice.telnet,1.2.1.v200908051630,"org.eclipse.rse.connectorservice.telnet",1301764642335
stopped,bundle,org.eclipse.rse.dstore.security,3.0.200.v201003010830,"org.eclipse.rse.dstore.security",1301764642335
stopped,bundle,org.eclipse.rse.efs,2.1.200.v201005262000,"org.eclipse.rse.efs",1301764642335
stopped,bundle,org.eclipse.rse.subsystems.files.ftp,2.1.100.v200905272300,"org.eclipse.rse.subsystems.files.ftp",1301764642335
stopped,bundle,org.eclipse.rse.subsystems.shells.core,3.1.100.v201003010830,"org.eclipse.rse.subsystems.shells.core",1301764642335
stopped,bundle,org.eclipse.rse.subsystems.files.core,3.2.1.v201008191400,"org.eclipse.rse.subsystems.files.core",1301764642335
stopped,bundle,org.eclipse.rse.subsystems.processes.shell.linux,1.1.100.v200905272300,"org.eclipse.rse.subsystems.processes.shell.linux",1301764642335
stopped,bundle,org.eclipse.rse.subsystems.processes.core,3.1.100.v201003010830,"org.eclipse.rse.subsystems.processes.core",1301764642335
stopped,bundle,org.eclipse.rse.terminals.ui,1.0.100.v201006041352,"org.eclipse.rse.terminals.ui",1301764642335
stopped,bundle,org.eclipse.rse.ui,3.1.102.R32x_v201102011435,"org.eclipse.rse.ui",1301764642335
stopped,bundle,org.eclipse.ui.console,3.5.0.v20100526,"org.eclipse.ui.console",1301764642335
stopped,bundle,org.eclipse.mylyn.commons.ui,3.4.0.v20100608-0100-e3x,"org.eclipse.mylyn.commons.ui",1301764642336
stopped,bundle,org.eclipse.ui.editors,3.6.1.r361_v20100825-0800,"org.eclipse.ui.editors",1301764642336
stopped,bundle,org.eclipse.wst.common.snippets,1.2.2.v201101130441,"org.eclipse.wst.common.snippets",1301764642336
stopped,bundle,org.eclipse.ui.workbench.texteditor,3.6.1.r361_v20100714-0800,"org.eclipse.ui.workbench.texteditor",1301764642336
stopped,bundle,org.eclipse.compare.core,3.5.101.R36x_v20100929-0800,"org.eclipse.compare.core",1301764642336
stopped,bundle,org.eclipse.emf.databinding.edit,1.2.0.v20100914-1218,"org.eclipse.emf.databinding.edit",1301764642336
stopped,bundle,org.eclipse.emf.databinding,1.2.0.v20100914-1218,"org.eclipse.emf.databinding",1301764642336
stopped,bundle,org.eclipse.datatools.connectivity.apache.derby.ui,1.0.3.v201007080903,"org.eclipse.datatools.connectivity.apache.derby.ui",1301764642336
activated,perspective,org.eclipse.jdt.ui,,"org.eclipse.jdt.ui.JavaPerspective",1301764652210
started,bundle,org.eclipse.osgi,3.6.2.R36x_v20110210,"org.eclipse.osgi",1301764652212
started,bundle,org.eclipse.equinox.simpleconfigurator,1.0.200.v20100503,"org.eclipse.equinox.simpleconfigurator",1301764652214
started,bundle,com.ibm.icu,4.2.1.v20100412,"com.ibm.icu",1301764652215
started,bundle,org.eclipse.core.contenttype,3.4.100.v20100505-1235,"org.eclipse.core.contenttype",1301764652215
started,bundle,org.eclipse.core.databinding.observable,1.3.0.I20100601-0800,"org.eclipse.core.databinding.observable",1301764652217
started,bundle,org.eclipse.core.expressions,3.4.200.v20100505,"org.eclipse.core.expressions",1301764652217
started,bundle,org.eclipse.core.filebuffers,3.5.100.v20100520-0800,"org.eclipse.core.filebuffers",1301764652217
started,bundle,org.eclipse.core.filesystem,1.3.1.R36x_v20100727-0745,"org.eclipse.core.filesystem",1301764652218
started,bundle,org.eclipse.core.jobs,3.5.1.R36x_v20100824,"org.eclipse.core.jobs",1301764652218
started,bundle,org.eclipse.core.net,1.2.100.I20100511-0800,"org.eclipse.core.net",1301764652218
started,bundle,org.eclipse.core.resources,3.6.1.R36x_v20110131-1630,"org.eclipse.core.resources",1301764652219
started,bundle,org.eclipse.core.runtime,3.6.0.v20100505,"org.eclipse.core.runtime",1301764652219
started,bundle,org.eclipse.core.runtime.compatibility,3.2.100.v20100505,"org.eclipse.core.runtime.compatibility",1301764652219
started,bundle,org.eclipse.core.runtime.compatibility.auth,3.2.200.v20100517,"org.eclipse.core.runtime.compatibility.auth",1301764652220
started,bundle,org.eclipse.emf.common,2.6.0.v20100914-1218,"org.eclipse.emf.common",1301764652221
started,bundle,org.eclipse.emf.ecore,2.6.1.v20100914-1218,"org.eclipse.emf.ecore",1301764652222
started,bundle,org.eclipse.emf.ecore.xmi,2.5.0.v20100521-1846,"org.eclipse.emf.ecore.xmi",1301764652222
started,bundle,org.eclipse.epp.usagedata.gathering,1.3.1.R201102081640,"org.eclipse.epp.usagedata.gathering",1301764652222
started,bundle,org.eclipse.epp.usagedata.recording,1.3.1.R201102081640,"org.eclipse.epp.usagedata.recording",1301764652223
started,bundle,org.eclipse.equinox.app,1.3.1.R36x_v20100803,"org.eclipse.equinox.app",1301764652223
started,bundle,org.eclipse.equinox.common,3.6.0.v20100503,"org.eclipse.equinox.common",1301764652223
started,bundle,org.eclipse.equinox.ds,1.2.1.R36x_v20100803,"org.eclipse.equinox.ds",1301764652224
started,bundle,org.eclipse.equinox.event,1.2.0.v20100503,"org.eclipse.equinox.event",1301764652224
started,bundle,org.eclipse.equinox.p2.artifact.repository,1.1.1.R36x_v20100901,"org.eclipse.equinox.p2.artifact.repository",1301764652224
started,bundle,org.eclipse.equinox.p2.core,2.0.3.R36x_v20110111,"org.eclipse.equinox.p2.core",1301764652225
started,bundle,org.eclipse.equinox.p2.director,2.0.3.R36x_v20101117-1018,"org.eclipse.equinox.p2.director",1301764652225
started,bundle,org.eclipse.equinox.p2.directorywatcher,1.0.203.R36x_v20101220,"org.eclipse.equinox.p2.directorywatcher",1301764652226
started,bundle,org.eclipse.equinox.p2.engine,2.0.1.R36x_v20110201,"org.eclipse.equinox.p2.engine",1301764652226
started,bundle,org.eclipse.equinox.p2.extensionlocation,1.2.0.v20100518,"org.eclipse.equinox.p2.extensionlocation",1301764652226
started,bundle,org.eclipse.equinox.p2.metadata,2.0.1.R36x_v20101202,"org.eclipse.equinox.p2.metadata",1301764652227
started,bundle,org.eclipse.equinox.p2.metadata.repository,1.1.0.v20100513,"org.eclipse.equinox.p2.metadata.repository",1301764652227
started,bundle,org.eclipse.equinox.p2.operations,2.0.0.v20100510,"org.eclipse.equinox.p2.operations",1301764652227
started,bundle,org.eclipse.equinox.p2.publisher,1.1.2.v20100824-2220,"org.eclipse.equinox.p2.publisher",1301764652228
started,bundle,org.eclipse.equinox.p2.reconciler.dropins,1.1.2.R36x_v20110114,"org.eclipse.equinox.p2.reconciler.dropins",1301764652228
started,bundle,org.eclipse.equinox.p2.repository,2.0.2.R36x_v20110111-1500,"org.eclipse.equinox.p2.repository",1301764652229
started,bundle,org.eclipse.equinox.p2.touchpoint.eclipse,2.0.3.R36x_v20101202,"org.eclipse.equinox.p2.touchpoint.eclipse",1301764652229
started,bundle,org.eclipse.equinox.p2.ui.sdk.scheduler,1.0.0.v20100507-1815,"org.eclipse.equinox.p2.ui.sdk.scheduler",1301764652230
started,bundle,org.eclipse.equinox.p2.updatechecker,1.1.101.R36x_v20100823,"org.eclipse.equinox.p2.updatechecker",1301764652230
started,bundle,org.eclipse.equinox.preferences,3.3.0.v20100503,"org.eclipse.equinox.preferences",1301764652230
started,bundle,org.eclipse.equinox.registry,3.5.0.v20100503,"org.eclipse.equinox.registry",1301764652231
started,bundle,org.eclipse.equinox.security,1.0.200.v20100503,"org.eclipse.equinox.security",1301764652231
started,bundle,org.eclipse.equinox.util,1.0.200.v20100503,"org.eclipse.equinox.util",1301764652231
started,bundle,org.eclipse.help,3.5.0.v20100524,"org.eclipse.help",1301764652232
started,bundle,org.eclipse.jdt.core,3.6.2.v_A76_R36x,"org.eclipse.jdt.core",1301764652232
started,bundle,org.eclipse.jdt.core.manipulation,1.3.0.v20100520-0800,"org.eclipse.jdt.core.manipulation",1301764652233
started,bundle,org.eclipse.jdt.ui,3.6.2.r362_v20110203,"org.eclipse.jdt.ui",1301764652235
started,bundle,org.eclipse.jface,3.6.2.M20110210-1200,"org.eclipse.jface",1301764652236
started,bundle,org.eclipse.jsch.core,1.1.200.I20100505-1245,"org.eclipse.jsch.core",1301764652236
started,bundle,org.eclipse.jst.ws.jaxws.utils,1.0.0.v201004171919,"org.eclipse.jst.ws.jaxws.utils",1301764652237
started,bundle,org.eclipse.mylyn.bugzilla.core,3.4.2.v20100902-0100-e3x,"org.eclipse.mylyn.bugzilla.core",1301764652237
started,bundle,org.eclipse.mylyn.bugzilla.ui,3.4.3.v20110131-0100-e3x,"org.eclipse.mylyn.bugzilla.ui",1301764652237
started,bundle,org.eclipse.mylyn.commons.net,3.4.1.v20100625-2100-e3x,"org.eclipse.mylyn.commons.net",1301764652237
started,bundle,org.eclipse.mylyn.commons.ui,3.4.0.v20100608-0100-e3x,"org.eclipse.mylyn.commons.ui",1301764652238
started,bundle,org.eclipse.mylyn.context.core,3.4.1.v20100909-0100-e3x,"org.eclipse.mylyn.context.core",1301764652238
started,bundle,org.eclipse.mylyn.context.ui,3.4.2.v20110131-0100-e3x,"org.eclipse.mylyn.context.ui",1301764652239
started,bundle,org.eclipse.mylyn.monitor.ui,3.4.1.v20110131-0100-e3x,"org.eclipse.mylyn.monitor.ui",1301764652239
started,bundle,org.eclipse.mylyn.tasks.ui,3.4.3.v20110131-0100-e3x,"org.eclipse.mylyn.tasks.ui",1301764652239
started,bundle,org.eclipse.mylyn.team.ui,3.4.3.v20110131-0100-e3x,"org.eclipse.mylyn.team.ui",1301764652240
started,bundle,org.eclipse.pde.launching,3.6.0.v20100601,"org.eclipse.pde.launching",1301764652240
started,bundle,org.eclipse.pde.ui,3.6.1.v20110210_r362,"org.eclipse.pde.ui",1301764652242
started,bundle,org.eclipse.search,3.6.0.v20100520-0800,"org.eclipse.search",1301764652242
started,bundle,org.eclipse.team.core,3.5.101.R36x_v20110203-1036,"org.eclipse.team.core",1301764652242
started,bundle,org.eclipse.team.cvs.core,3.3.301.R36x_v20110119-0815,"org.eclipse.team.cvs.core",1301764652243
started,bundle,org.eclipse.team.cvs.ui,3.3.302.R36x_v20110203-1036,"org.eclipse.team.cvs.ui",1301764652243
started,bundle,org.eclipse.team.ui,3.5.102.R36x_v20110203-1036,"org.eclipse.team.ui",1301764652244
started,bundle,org.eclipse.ui,3.6.2.M20110203-1100,"org.eclipse.ui",1301764652245
started,bundle,org.eclipse.ui.console,3.5.0.v20100526,"org.eclipse.ui.console",1301764652245
started,bundle,org.eclipse.ui.editors,3.6.1.r361_v20100825-0800,"org.eclipse.ui.editors",1301764652246
started,bundle,org.eclipse.ui.forms,3.5.2.r36_v20100702,"org.eclipse.ui.forms",1301764652246
started,bundle,org.eclipse.ui.ide,3.6.2.M20101201-0800,"org.eclipse.ui.ide",1301764652247
started,bundle,org.eclipse.ui.net,1.2.100.I20100505-1245,"org.eclipse.ui.net",1301764652247
started,bundle,org.eclipse.ui.views,3.5.1.M20110202-0800,"org.eclipse.ui.views",1301764652248
started,bundle,org.eclipse.ui.views.log,1.0.100.v20110210_r362,"org.eclipse.ui.views.log",1301764652248
started,bundle,org.eclipse.ui.workbench,3.6.2.M20110210-1200,"org.eclipse.ui.workbench",1301764652248
started,bundle,org.eclipse.ui.workbench.texteditor,3.6.1.r361_v20100714-0800,"org.eclipse.ui.workbench.texteditor",1301764652249
started,bundle,org.eclipse.update.configurator,3.3.100.v20100512,"org.eclipse.update.configurator",1301764652249
started,bundle,org.eclipse.update.core,3.2.402.R36x_v20100629,"org.eclipse.update.core",1301764652250
started,bundle,org.eclipse.update.scheduler,3.2.300.v20100512,"org.eclipse.update.scheduler",1301764652250
started,bundle,org.eclipse.wst.common.project.facet.core,1.4.102.v201008170019,"org.eclipse.wst.common.project.facet.core",1301764652250
started,bundle,org.eclipse.wst.web,1.1.402.v201012160000,"org.eclipse.wst.web",1301764652251
os,sysinfo,,,"linux",1301764652253
arch,sysinfo,,,"x86",1301764652253
ws,sysinfo,,,"gtk",1301764652253
locale,sysinfo,,,"pt_BR",1301764652253
processors,sysinfo,,,"2",1301764652254
java.runtime.name,sysinfo,,,"OpenJDK Runtime Environment",1301764652254
java.runtime.version,sysinfo,,,"1.6.0_20-b20",1301764652254
java.specification.name,sysinfo,,,"Java Platform API Specification",1301764652254
java.specification.vendor,sysinfo,,,"Sun Microsystems Inc.",1301764652254
java.specification.version,sysinfo,,,"1.6",1301764652254
java.vendor,sysinfo,,,"Sun Microsystems Inc.",1301764652254
java.version,sysinfo,,,"1.6.0_20",1301764652254
java.vm.info,sysinfo,,,"mixed mode, sharing",1301764652254
java.vm.name,sysinfo,,,"OpenJDK Client VM",1301764652254
java.vm.specification.name,sysinfo,,,"Java Virtual Machine Specification",1301764652254
java.vm.specification.vendor,sysinfo,,,"Sun Microsystems Inc.",1301764652254
java.vm.specification.version,sysinfo,,,"1.0",1301764652254
java.vm.vendor,sysinfo,,,"Sun Microsystems Inc.",1301764652254
java.vm.version,sysinfo,,,"19.0-b09",1301764652254
started,bundle,org.eclipse.equinox.p2.ui.sdk,1.0.100.v20100513,"org.eclipse.equinox.p2.ui.sdk",1301764654713
started,bundle,org.eclipse.equinox.p2.ui,2.0.0.v20100518,"org.eclipse.equinox.p2.ui",1301764654717
executed,command,org.eclipse.equinox.p2.ui.sdk,1.0.100.v20100513,"org.eclipse.equinox.p2.ui.sdk.update",1301764654746
started,bundle,org.eclipse.ecf.filetransfer,4.0.0.v20100906-1425,"org.eclipse.ecf.filetransfer",1301764654749
started,bundle,org.eclipse.ecf.identity,3.1.0.v20100906-1425,"org.eclipse.ecf.identity",1301764654762
started,bundle,org.eclipse.ecf,3.1.0.v20100906-1425,"org.eclipse.ecf",1301764654780
started,bundle,org.eclipse.ecf.provider.filetransfer.httpclient,4.0.0.v20100906-1425,"org.eclipse.ecf.provider.filetransfer.httpclient",1301764654790
started,bundle,org.eclipse.ecf.provider.filetransfer,3.1.0.v20100906-1425,"org.eclipse.ecf.provider.filetransfer",1301764654797
deactivated,workbench,org.eclipse.ui.workbench,3.6.2.M20110210-1200,"",1301764655105
started,bundle,org.eclipse.equinox.p2.garbagecollector,1.0.100.v20100503,"org.eclipse.equinox.p2.garbagecollector",1301764714384
activated,workbench,org.eclipse.ui.workbench,3.6.2.M20110210-1200,"",1301764718487
deactivated,workbench,org.eclipse.ui.workbench,3.6.2.M20110210-1200,"",1301764753200
executed,command,org.eclipse.equinox.p2.ui.sdk,1.0.100.v20100513,"org.eclipse.equinox.p2.ui.sdk.install",1301764761197
activated,workbench,org.eclipse.ui.workbench,3.6.2.M20110210-1200,"",1301764761221
deactivated,workbench,org.eclipse.ui.workbench,3.6.2.M20110210-1200,"",1301764765427
closed,workbench,org.eclipse.ui.workbench,3.6.2.M20110210-1200,"",1301764767095
started,bundle,org.eclipse.compare.core,3.5.101.R36x_v20100929-0800,"org.eclipse.compare.core",1301764767351
started,bundle,org.eclipse.compare,3.5.101.R36x_v20100929-0800,"org.eclipse.compare",1301764767357
stopped,bundle,org.eclipse.jst.j2ee.xdoclet.runtime,1.1.300.v201004280700,"org.eclipse.jst.j2ee.xdoclet.runtime",1301764767502
stopped,bundle,org.eclipse.jst.j2ee.ejb.annotations.xdoclet,1.2.100.v201003112036,"org.eclipse.jst.j2ee.ejb.annotations.xdoclet",1301764767502
stopped,bundle,org.eclipse.jst.server.generic.jboss,1.6.1.v200904151730,"org.eclipse.jst.server.generic.jboss",1301764767503
stopped,bundle,org.eclipse.jst.server.generic.jonas,1.5.205.v200805140145,"org.eclipse.jst.server.generic.jonas",1301764767503
stopped,bundle,org.eclipse.jst.server.generic.oc4j,1.5.206.v20090812,"org.eclipse.jst.server.generic.oc4j",1301764767503
stopped,bundle,org.eclipse.jst.server.websphere.core,1.0.302.v20080620,"org.eclipse.jst.server.websphere.core",1301764767503
stopped,bundle,org.eclipse.jst.server.generic.ui,1.0.505.v20100428,"org.eclipse.jst.server.generic.ui",1301764767504
stopped,bundle,org.eclipse.jst.server.generic.core,1.0.606.v20100512,"org.eclipse.jst.server.generic.core",1301764767504
stopped,bundle,org.eclipse.mylyn.ide.ant,3.4.0.v20100608-0100-e3x,"org.eclipse.mylyn.ide.ant",1301764767505
stopped,bundle,org.eclipse.datatools.connectivity.oda.template.ui,3.2.1.v201004090942,"org.eclipse.datatools.connectivity.oda.template.ui",1301764767505
stopped,bundle,org.eclipse.pde.api.tools.ui,1.0.201.v20100820_r361,"org.eclipse.pde.api.tools.ui",1301764767506
stopped,bundle,org.eclipse.pde.ds.ui,1.0.100.v20100601,"org.eclipse.pde.ds.ui",1301764767506
stopped,bundle,org.eclipse.pde.runtime,3.4.200.v20100601,"org.eclipse.pde.runtime",1301764767507
stopped,bundle,org.eclipse.pde.ua.ui,1.0.100.v20100504,"org.eclipse.pde.ua.ui",1301764767507
stopped,bundle,org.eclipse.pde.ui.templates,3.4.200.v20100601,"org.eclipse.pde.ui.templates",1301764767508
stopped,bundle,org.eclipse.pde.ui,3.6.1.v20110210_r362,"org.eclipse.pde.ui",1301764767508
stopped,bundle,org.eclipse.ant.ui,3.5.0.v20100427,"org.eclipse.ant.ui",1301764767509
stopped,bundle,org.eclipse.ant.launching,1.0.1.v20101020_r362,"org.eclipse.ant.launching",1301764767509
stopped,bundle,org.eclipse.equinox.p2.ui.sdk,1.0.100.v20100513,"org.eclipse.equinox.p2.ui.sdk",1301764767509
stopped,bundle,org.eclipse.jst.server.tomcat.ui,1.1.200.v20100418,"org.eclipse.jst.server.tomcat.ui",1301764767510
stopped,bundle,org.eclipse.jst.server.ui,1.1.101.v20100823b,"org.eclipse.jst.server.ui",1301764767510
stopped,bundle,org.eclipse.mylyn.java.tasks,3.4.0.v20100608-0100-e3x,"org.eclipse.mylyn.java.tasks",1301764767511
stopped,bundle,org.eclipse.mylyn.java.ui,3.4.0.v20100608-0100-e3x,"org.eclipse.mylyn.java.ui",1301764767511
stopped,bundle,org.eclipse.jdt.junit,3.6.1.r361_v20100825-0800,"org.eclipse.jdt.junit",1301764767513
stopped,bundle,org.eclipse.jpt.eclipselink.ui,1.3.0.v201004280001,"org.eclipse.jpt.eclipselink.ui",1301764767514
stopped,bundle,org.eclipse.jpt.eclipselink.core,1.3.2.v201102072310,"org.eclipse.jpt.eclipselink.core",1301764767514
stopped,bundle,org.eclipse.jpt.jaxb.ui,1.0.1.v201006300000,"org.eclipse.jpt.jaxb.ui",1301764767515
stopped,bundle,org.eclipse.jpt.ui,2.3.2.v201008252310,"org.eclipse.jpt.ui",1301764767516
stopped,bundle,org.eclipse.jpt.core,2.3.3.v201102172310,"org.eclipse.jpt.core",1301764767517
stopped,bundle,org.eclipse.jpt.db,1.2.202.v201010192330,"org.eclipse.jpt.db",1301764767519
stopped,bundle,org.eclipse.datatools.enablement.jdt.classpath,1.0.1.v201004070709,"org.eclipse.datatools.enablement.jdt.classpath",1301764767519
stopped,bundle,org.eclipse.jdt.apt.ui,3.3.300.v20100513-0845,"org.eclipse.jdt.apt.ui",1301764767520
stopped,bundle,org.eclipse.datatools.enablement.sybase.asa.schemaobjecteditor.examples,2.5.0.200810071,"org.eclipse.datatools.enablement.sybase.asa.schemaobjecteditor.examples",1301764767521
stopped,bundle,org.eclipse.datatools.sqltools.debugger.core.ui,1.0.0.v201003161000,"org.eclipse.datatools.sqltools.debugger.core.ui",1301764767522
stopped,bundle,org.eclipse.jst.server.preview.adapter,1.1.100.v20100308,"org.eclipse.jst.server.preview.adapter",1301764767522
stopped,bundle,org.eclipse.wst.xsl.jaxp.debug.ui,1.0.100.v201004290328,"org.eclipse.wst.xsl.jaxp.debug.ui",1301764767523
stopped,bundle,org.eclipse.jdt.debug.ui,3.5.2.v20100928a_r362,"org.eclipse.jdt.debug.ui",1301764767524
stopped,bundle,org.eclipse.jst.common.annotations.ui,1.1.300.v201002081900,"org.eclipse.jst.common.annotations.ui",1301764767524
stopped,bundle,org.eclipse.jst.j2ee.ejb.annotations.ui,1.1.200.v201004290730,"org.eclipse.jst.j2ee.ejb.annotations.ui",1301764767525
stopped,bundle,org.eclipse.jst.ejb.ui,1.1.502.v201101121843,"org.eclipse.jst.ejb.ui",1301764767525
stopped,bundle,org.eclipse.jst.ws.axis.creation.ui,1.0.600.v201008171516,"org.eclipse.jst.ws.axis.creation.ui",1301764767526
stopped,bundle,org.eclipse.jst.ws.axis.consumption.ui,1.0.505.v201004211805,"org.eclipse.jst.ws.axis.consumption.ui",1301764767526
stopped,bundle,org.eclipse.jst.ws.axis2.creation.ui,1.0.104.v201004211805,"org.eclipse.jst.ws.axis2.creation.ui",1301764767527
stopped,bundle,org.eclipse.jst.ws.axis2.consumption.ui,1.0.103.v201004211805,"org.eclipse.jst.ws.axis2.consumption.ui",1301764767527
stopped,bundle,org.eclipse.jst.ws.axis2.creation.core,1.0.106.v201004211805,"org.eclipse.jst.ws.axis2.creation.core",1301764767528
stopped,bundle,org.eclipse.jst.ws.axis2.consumption.core,1.0.105.v201004211805,"org.eclipse.jst.ws.axis2.consumption.core",1301764767528
stopped,bundle,org.eclipse.jst.ws.cxf.creation.ui,1.0.0.v201003311345,"org.eclipse.jst.ws.cxf.creation.ui",1301764767529
stopped,bundle,org.eclipse.jst.ws.creation.ui,1.0.510.v201011041151,"org.eclipse.jst.ws.creation.ui",1301764767529
stopped,bundle,org.eclipse.jst.ws.cxf.consumption.ui,1.0.0.v201003222311,"org.eclipse.jst.ws.cxf.consumption.ui",1301764767530
stopped,bundle,org.eclipse.jst.ws.consumption.ui,1.1.302.v201101191731,"org.eclipse.jst.ws.consumption.ui",1301764767530
stopped,bundle,org.eclipse.jst.j2ee.webservice.ui,1.1.400.v201004110600,"org.eclipse.jst.j2ee.webservice.ui",1301764767531
stopped,bundle,org.eclipse.jst.servlet.ui,1.1.404.v201101270100,"org.eclipse.jst.servlet.ui",1301764767531
stopped,bundle,org.eclipse.jst.ws.jaxws.dom.integration,1.0.0.v201004171919,"org.eclipse.jst.ws.jaxws.dom.integration",1301764767532
stopped,bundle,org.eclipse.jst.jee.ui,1.0.304.v201101272100,"org.eclipse.jst.jee.ui",1301764767532
stopped,bundle,org.eclipse.jst.j2ee.navigator.ui,1.1.403.v201012020600,"org.eclipse.jst.j2ee.navigator.ui",1301764767533
stopped,bundle,org.eclipse.jst.j2ee.jca.ui,1.1.400.v201004150700,"org.eclipse.jst.j2ee.jca.ui",1301764767533
stopped,bundle,org.eclipse.jst.j2ee.ui,1.1.404.v201101122300,"org.eclipse.jst.j2ee.ui",1301764767534
